{
  "warnings": [
    {
      "file": "/Users/loikos/Documents/Orange/workspace/vaporAPI/Sources/App/Controllers/ProductController.swift",
      "line": 5,
      "symbol": "ProductsController",
      "symbol_kind": "source.lang.swift.decl.class",
      "warning": "undocumented"
    },
    {
      "file": "/Users/loikos/Documents/Orange/workspace/vaporAPI/Sources/App/Controllers/ProductController.swift",
      "line": 7,
      "symbol": "ProductsController.index(request:)",
      "symbol_kind": "source.lang.swift.decl.function.method.instance",
      "warning": "undocumented"
    },
    {
      "file": "/Users/loikos/Documents/Orange/workspace/vaporAPI/Sources/App/Controllers/ProductController.swift",
      "line": 25,
      "symbol": "ProductsController.create(request:)",
      "symbol_kind": "source.lang.swift.decl.function.method.instance",
      "warning": "undocumented"
    },
    {
      "file": "/Users/loikos/Documents/Orange/workspace/vaporAPI/Sources/App/Controllers/ProductController.swift",
      "line": 31,
      "symbol": "ProductsController.show(request:product:)",
      "symbol_kind": "source.lang.swift.decl.function.method.instance",
      "warning": "undocumented"
    },
    {
      "file": "/Users/loikos/Documents/Orange/workspace/vaporAPI/Sources/App/Controllers/ProductController.swift",
      "line": 35,
      "symbol": "ProductsController.delete(request:product:)",
      "symbol_kind": "source.lang.swift.decl.function.method.instance",
      "warning": "undocumented"
    },
    {
      "file": "/Users/loikos/Documents/Orange/workspace/vaporAPI/Sources/App/Controllers/ProductController.swift",
      "line": 40,
      "symbol": "ProductsController.update(request:product:)",
      "symbol_kind": "source.lang.swift.decl.function.method.instance",
      "warning": "undocumented"
    },
    {
      "file": "/Users/loikos/Documents/Orange/workspace/vaporAPI/Sources/App/Controllers/ProductController.swift",
      "line": 53,
      "symbol": "ProductsController.makeResource()",
      "symbol_kind": "source.lang.swift.decl.function.method.instance",
      "warning": "undocumented"
    },
    {
      "file": "/Users/loikos/Documents/Orange/workspace/vaporAPI/Sources/App/Controllers/StockController.swift",
      "line": 13,
      "symbol": "StockController",
      "symbol_kind": "source.lang.swift.decl.class",
      "warning": "undocumented"
    },
    {
      "file": "/Users/loikos/Documents/Orange/workspace/vaporAPI/Sources/App/Controllers/StockController.swift",
      "line": 15,
      "symbol": "StockController.build(_:)",
      "symbol_kind": "source.lang.swift.decl.function.method.instance",
      "warning": "undocumented"
    },
    {
      "file": "/Users/loikos/Documents/Orange/workspace/vaporAPI/Sources/App/Controllers/StockController.swift",
      "line": 23,
      "symbol": "StockController.index(request:)",
      "symbol_kind": "source.lang.swift.decl.function.method.instance",
      "warning": "undocumented"
    },
    {
      "file": "/Users/loikos/Documents/Orange/workspace/vaporAPI/Sources/App/Controllers/StockController.swift",
      "line": 77,
      "symbol": "StockController.create(request:)",
      "symbol_kind": "source.lang.swift.decl.function.method.instance",
      "warning": "undocumented"
    },
    {
      "file": "/Users/loikos/Documents/Orange/workspace/vaporAPI/Sources/App/Controllers/StockController.swift",
      "line": 108,
      "symbol": "StockController.show(request:)",
      "symbol_kind": "source.lang.swift.decl.function.method.instance",
      "warning": "undocumented"
    },
    {
      "file": "/Users/loikos/Documents/Orange/workspace/vaporAPI/Sources/App/Controllers/StockController.swift",
      "line": 133,
      "symbol": "StockController.delete(request:)",
      "symbol_kind": "source.lang.swift.decl.function.method.instance",
      "warning": "undocumented"
    },
    {
      "file": "/Users/loikos/Documents/Orange/workspace/vaporAPI/Sources/App/Controllers/StockController.swift",
      "line": 165,
      "symbol": "StockController.update(request:)",
      "symbol_kind": "source.lang.swift.decl.function.method.instance",
      "warning": "undocumented"
    },
    {
      "file": "/Users/loikos/Documents/Orange/workspace/vaporAPI/Sources/App/Controllers/StoreController.swift",
      "line": 14,
      "symbol": "StoresController",
      "symbol_kind": "source.lang.swift.decl.class",
      "warning": "undocumented"
    },
    {
      "file": "/Users/loikos/Documents/Orange/workspace/vaporAPI/Sources/App/Controllers/StoreController.swift",
      "line": 16,
      "symbol": "StoresController.index(request:)",
      "symbol_kind": "source.lang.swift.decl.function.method.instance",
      "warning": "undocumented"
    },
    {
      "file": "/Users/loikos/Documents/Orange/workspace/vaporAPI/Sources/App/Controllers/StoreController.swift",
      "line": 41,
      "symbol": "StoresController.create(request:)",
      "symbol_kind": "source.lang.swift.decl.function.method.instance",
      "warning": "undocumented"
    },
    {
      "file": "/Users/loikos/Documents/Orange/workspace/vaporAPI/Sources/App/Controllers/StoreController.swift",
      "line": 48,
      "symbol": "StoresController.show(request:store:)",
      "symbol_kind": "source.lang.swift.decl.function.method.instance",
      "warning": "undocumented"
    },
    {
      "file": "/Users/loikos/Documents/Orange/workspace/vaporAPI/Sources/App/Controllers/StoreController.swift",
      "line": 52,
      "symbol": "StoresController.delete(request:store:)",
      "symbol_kind": "source.lang.swift.decl.function.method.instance",
      "warning": "undocumented"
    },
    {
      "file": "/Users/loikos/Documents/Orange/workspace/vaporAPI/Sources/App/Controllers/StoreController.swift",
      "line": 57,
      "symbol": "StoresController.update(request:store:)",
      "symbol_kind": "source.lang.swift.decl.function.method.instance",
      "warning": "undocumented"
    },
    {
      "file": "/Users/loikos/Documents/Orange/workspace/vaporAPI/Sources/App/Controllers/StoreController.swift",
      "line": 71,
      "symbol": "StoresController.makeResource()",
      "symbol_kind": "source.lang.swift.decl.function.method.instance",
      "warning": "undocumented"
    },
    {
      "file": "/Users/loikos/Documents/Orange/workspace/vaporAPI/Sources/App/Models/Product.swift",
      "line": null,
      "symbol": "Product",
      "symbol_kind": "source.lang.swift.decl.extension",
      "warning": "undocumented"
    },
    {
      "file": "/Users/loikos/Documents/Orange/workspace/vaporAPI/Sources/App/Models/Product.swift",
      "line": null,
      "symbol": "Product",
      "symbol_kind": "source.lang.swift.decl.extension",
      "warning": "undocumented"
    },
    {
      "file": "/Users/loikos/Documents/Orange/workspace/vaporAPI/Sources/App/Models/Product.swift",
      "line": 5,
      "symbol": "Product",
      "symbol_kind": "source.lang.swift.decl.class",
      "warning": "undocumented"
    },
    {
      "file": "/Users/loikos/Documents/Orange/workspace/vaporAPI/Sources/App/Models/Product.swift",
      "line": 14,
      "symbol": "Product.refproduct",
      "symbol_kind": "source.lang.swift.decl.var.instance",
      "warning": "undocumented"
    },
    {
      "file": "/Users/loikos/Documents/Orange/workspace/vaporAPI/Sources/App/Models/Product.swift",
      "line": 15,
      "symbol": "Product.name",
      "symbol_kind": "source.lang.swift.decl.var.instance",
      "warning": "undocumented"
    },
    {
      "file": "/Users/loikos/Documents/Orange/workspace/vaporAPI/Sources/App/Models/Product.swift",
      "line": 16,
      "symbol": "Product.picture",
      "symbol_kind": "source.lang.swift.decl.var.instance",
      "warning": "undocumented"
    },
    {
      "file": "/Users/loikos/Documents/Orange/workspace/vaporAPI/Sources/App/Models/Product.swift",
      "line": 17,
      "symbol": "Product.creationdate",
      "symbol_kind": "source.lang.swift.decl.var.instance",
      "warning": "undocumented"
    },
    {
      "file": "/Users/loikos/Documents/Orange/workspace/vaporAPI/Sources/App/Models/Product.swift",
      "line": 19,
      "symbol": "Product.init(name:picture:)",
      "symbol_kind": "source.lang.swift.decl.function.method.instance",
      "warning": "undocumented"
    },
    {
      "file": "/Users/loikos/Documents/Orange/workspace/vaporAPI/Sources/App/Models/Product.swift",
      "line": 27,
      "symbol": "Product.init(row:)",
      "symbol_kind": "source.lang.swift.decl.function.method.instance",
      "warning": "undocumented"
    },
    {
      "file": "/Users/loikos/Documents/Orange/workspace/vaporAPI/Sources/App/Models/Product.swift",
      "line": 47,
      "symbol": "Product.makeRow()",
      "symbol_kind": "source.lang.swift.decl.function.method.instance",
      "warning": "undocumented"
    },
    {
      "file": "/Users/loikos/Documents/Orange/workspace/vaporAPI/Sources/App/Models/Product.swift",
      "line": 78,
      "symbol": "Product.init(json:)",
      "symbol_kind": "source.lang.swift.decl.function.method.instance",
      "warning": "undocumented"
    },
    {
      "file": "/Users/loikos/Documents/Orange/workspace/vaporAPI/Sources/App/Models/Product.swift",
      "line": 90,
      "symbol": "Product.makeJSON()",
      "symbol_kind": "source.lang.swift.decl.function.method.instance",
      "warning": "undocumented"
    },
    {
      "file": "/Users/loikos/Documents/Orange/workspace/vaporAPI/Sources/App/Models/Stock.swift",
      "line": null,
      "symbol": "Stock",
      "symbol_kind": "source.lang.swift.decl.extension",
      "warning": "undocumented"
    },
    {
      "file": "/Users/loikos/Documents/Orange/workspace/vaporAPI/Sources/App/Models/Stock.swift",
      "line": null,
      "symbol": "Stock",
      "symbol_kind": "source.lang.swift.decl.extension",
      "warning": "undocumented"
    },
    {
      "file": "/Users/loikos/Documents/Orange/workspace/vaporAPI/Sources/App/Models/Stock.swift",
      "line": 5,
      "symbol": "Stock",
      "symbol_kind": "source.lang.swift.decl.class",
      "warning": "undocumented"
    },
    {
      "file": "/Users/loikos/Documents/Orange/workspace/vaporAPI/Sources/App/Models/Stock.swift",
      "line": 11,
      "symbol": "Stock.rightIdKey",
      "symbol_kind": "source.lang.swift.decl.var.static",
      "warning": "undocumented"
    },
    {
      "file": "/Users/loikos/Documents/Orange/workspace/vaporAPI/Sources/App/Models/Stock.swift",
      "line": 22,
      "symbol": "Stock.refproduct",
      "symbol_kind": "source.lang.swift.decl.var.instance",
      "warning": "undocumented"
    },
    {
      "file": "/Users/loikos/Documents/Orange/workspace/vaporAPI/Sources/App/Models/Stock.swift",
      "line": 23,
      "symbol": "Stock.refstore",
      "symbol_kind": "source.lang.swift.decl.var.instance",
      "warning": "undocumented"
    },
    {
      "file": "/Users/loikos/Documents/Orange/workspace/vaporAPI/Sources/App/Models/Stock.swift",
      "line": 24,
      "symbol": "Stock.quantity",
      "symbol_kind": "source.lang.swift.decl.var.instance",
      "warning": "undocumented"
    },
    {
      "file": "/Users/loikos/Documents/Orange/workspace/vaporAPI/Sources/App/Models/Stock.swift",
      "line": 25,
      "symbol": "Stock.status",
      "symbol_kind": "source.lang.swift.decl.var.instance",
      "warning": "undocumented"
    },
    {
      "file": "/Users/loikos/Documents/Orange/workspace/vaporAPI/Sources/App/Models/Stock.swift",
      "line": 26,
      "symbol": "Stock.creationdate",
      "symbol_kind": "source.lang.swift.decl.var.instance",
      "warning": "undocumented"
    },
    {
      "file": "/Users/loikos/Documents/Orange/workspace/vaporAPI/Sources/App/Models/Stock.swift",
      "line": 27,
      "symbol": "Stock.lastupdate",
      "symbol_kind": "source.lang.swift.decl.var.instance",
      "warning": "undocumented"
    },
    {
      "file": "/Users/loikos/Documents/Orange/workspace/vaporAPI/Sources/App/Models/Stock.swift",
      "line": 32,
      "symbol": "Stock.price",
      "symbol_kind": "source.lang.swift.decl.var.instance",
      "warning": "undocumented"
    },
    {
      "file": "/Users/loikos/Documents/Orange/workspace/vaporAPI/Sources/App/Models/Stock.swift",
      "line": 37,
      "symbol": "Stock.vat",
      "symbol_kind": "source.lang.swift.decl.var.instance",
      "warning": "undocumented"
    },
    {
      "file": "/Users/loikos/Documents/Orange/workspace/vaporAPI/Sources/App/Models/Stock.swift",
      "line": 42,
      "symbol": "Stock.init(refproduct:refstore:quantity:vat:status:priceht:)",
      "symbol_kind": "source.lang.swift.decl.function.method.instance",
      "warning": "undocumented"
    },
    {
      "file": "/Users/loikos/Documents/Orange/workspace/vaporAPI/Sources/App/Models/Stock.swift",
      "line": 53,
      "symbol": "Stock.init(row:)",
      "symbol_kind": "source.lang.swift.decl.function.method.instance",
      "warning": "undocumented"
    },
    {
      "file": "/Users/loikos/Documents/Orange/workspace/vaporAPI/Sources/App/Models/Stock.swift",
      "line": 78,
      "symbol": "Stock.makeRow()",
      "symbol_kind": "source.lang.swift.decl.function.method.instance",
      "warning": "undocumented"
    },
    {
      "file": "/Users/loikos/Documents/Orange/workspace/vaporAPI/Sources/App/Models/Stock.swift",
      "line": 93,
      "symbol": "Stock.updateOn(con:)",
      "symbol_kind": "source.lang.swift.decl.function.method.instance",
      "warning": "undocumented"
    },
    {
      "file": "/Users/loikos/Documents/Orange/workspace/vaporAPI/Sources/App/Models/Stock.swift",
      "line": 129,
      "symbol": "Stock.init(json:)",
      "symbol_kind": "source.lang.swift.decl.function.method.instance",
      "warning": "undocumented"
    },
    {
      "file": "/Users/loikos/Documents/Orange/workspace/vaporAPI/Sources/App/Models/Stock.swift",
      "line": 149,
      "symbol": "Stock.makeJSON()",
      "symbol_kind": "source.lang.swift.decl.function.method.instance",
      "warning": "undocumented"
    },
    {
      "file": "/Users/loikos/Documents/Orange/workspace/vaporAPI/Sources/App/Models/Store.swift",
      "line": null,
      "symbol": "Store",
      "symbol_kind": "source.lang.swift.decl.extension",
      "warning": "undocumented"
    },
    {
      "file": "/Users/loikos/Documents/Orange/workspace/vaporAPI/Sources/App/Models/Store.swift",
      "line": null,
      "symbol": "Store",
      "symbol_kind": "source.lang.swift.decl.extension",
      "warning": "undocumented"
    },
    {
      "file": "/Users/loikos/Documents/Orange/workspace/vaporAPI/Sources/App/Models/Store.swift",
      "line": 5,
      "symbol": "Store",
      "symbol_kind": "source.lang.swift.decl.class",
      "warning": "undocumented"
    },
    {
      "file": "/Users/loikos/Documents/Orange/workspace/vaporAPI/Sources/App/Models/Store.swift",
      "line": 14,
      "symbol": "Store.refstore",
      "symbol_kind": "source.lang.swift.decl.var.instance",
      "warning": "undocumented"
    },
    {
      "file": "/Users/loikos/Documents/Orange/workspace/vaporAPI/Sources/App/Models/Store.swift",
      "line": 15,
      "symbol": "Store.name",
      "symbol_kind": "source.lang.swift.decl.var.instance",
      "warning": "undocumented"
    },
    {
      "file": "/Users/loikos/Documents/Orange/workspace/vaporAPI/Sources/App/Models/Store.swift",
      "line": 16,
      "symbol": "Store.picture",
      "symbol_kind": "source.lang.swift.decl.var.instance",
      "warning": "undocumented"
    },
    {
      "file": "/Users/loikos/Documents/Orange/workspace/vaporAPI/Sources/App/Models/Store.swift",
      "line": 17,
      "symbol": "Store.vat",
      "symbol_kind": "source.lang.swift.decl.var.instance",
      "warning": "undocumented"
    },
    {
      "file": "/Users/loikos/Documents/Orange/workspace/vaporAPI/Sources/App/Models/Store.swift",
      "line": 18,
      "symbol": "Store.currency",
      "symbol_kind": "source.lang.swift.decl.var.instance",
      "warning": "undocumented"
    },
    {
      "file": "/Users/loikos/Documents/Orange/workspace/vaporAPI/Sources/App/Models/Store.swift",
      "line": 19,
      "symbol": "Store.merchantkey",
      "symbol_kind": "source.lang.swift.decl.var.instance",
      "warning": "undocumented"
    },
    {
      "file": "/Users/loikos/Documents/Orange/workspace/vaporAPI/Sources/App/Models/Store.swift",
      "line": 21,
      "symbol": "Store.init(name:picture:vat:currency:merchantkey:)",
      "symbol_kind": "source.lang.swift.decl.function.method.instance",
      "warning": "undocumented"
    },
    {
      "file": "/Users/loikos/Documents/Orange/workspace/vaporAPI/Sources/App/Models/Store.swift",
      "line": 31,
      "symbol": "Store.init(row:)",
      "symbol_kind": "source.lang.swift.decl.function.method.instance",
      "warning": "undocumented"
    },
    {
      "file": "/Users/loikos/Documents/Orange/workspace/vaporAPI/Sources/App/Models/Store.swift",
      "line": 51,
      "symbol": "Store.makeRow()",
      "symbol_kind": "source.lang.swift.decl.function.method.instance",
      "warning": "undocumented"
    },
    {
      "file": "/Users/loikos/Documents/Orange/workspace/vaporAPI/Sources/App/Models/Store.swift",
      "line": 88,
      "symbol": "Store.init(json:)",
      "symbol_kind": "source.lang.swift.decl.function.method.instance",
      "warning": "undocumented"
    },
    {
      "file": "/Users/loikos/Documents/Orange/workspace/vaporAPI/Sources/App/Models/Store.swift",
      "line": 118,
      "symbol": "Store.makeJSON()",
      "symbol_kind": "source.lang.swift.decl.function.method.instance",
      "warning": "undocumented"
    },
    {
      "file": "/Users/loikos/Documents/Orange/workspace/vaporAPI/Sources/App/Reference.swift",
      "line": 15,
      "symbol": "Reference.sharedInstance",
      "symbol_kind": "source.lang.swift.decl.var.static",
      "warning": "undocumented"
    },
    {
      "file": "/Users/loikos/Documents/Orange/workspace/vaporAPI/Sources/App/Reference.swift",
      "line": 92,
      "symbol": "ReferenceError",
      "symbol_kind": "source.lang.swift.decl.enum",
      "warning": "undocumented"
    },
    {
      "file": "/Users/loikos/Documents/Orange/workspace/vaporAPI/Sources/App/Reference.swift",
      "line": 93,
      "symbol": "ReferenceError.wrongSize",
      "symbol_kind": "source.lang.swift.decl.enumelement",
      "warning": "undocumented"
    },
    {
      "file": "/Users/loikos/Documents/Orange/workspace/vaporAPI/Sources/App/RoutingCenter.swift",
      "line": 11,
      "symbol": "RoutingCenter",
      "symbol_kind": "source.lang.swift.decl.class",
      "warning": "undocumented"
    },
    {
      "file": "/Users/loikos/Documents/Orange/workspace/vaporAPI/Sources/App/RoutingCenter.swift",
      "line": 13,
      "symbol": "RoutingCenter.drop",
      "symbol_kind": "source.lang.swift.decl.var.instance",
      "warning": "undocumented"
    },
    {
      "file": "/Users/loikos/Documents/Orange/workspace/vaporAPI/Sources/App/RoutingCenter.swift",
      "line": 15,
      "symbol": "RoutingCenter.init(droplet:)",
      "symbol_kind": "source.lang.swift.decl.function.method.instance",
      "warning": "undocumented"
    },
    {
      "file": "/Users/loikos/Documents/Orange/workspace/vaporAPI/Sources/App/RoutingCenter.swift",
      "line": 19,
      "symbol": "RoutingCenter.build(_:)",
      "symbol_kind": "source.lang.swift.decl.function.method.instance",
      "warning": "undocumented"
    },
    {
      "file": "/Users/loikos/Documents/Orange/workspace/vaporAPI/Sources/App/RoutingCenter.swift",
      "line": 28,
      "symbol": "Request.product()",
      "symbol_kind": "source.lang.swift.decl.function.method.instance",
      "warning": "undocumented"
    },
    {
      "file": "/Users/loikos/Documents/Orange/workspace/vaporAPI/Sources/App/RoutingCenter.swift",
      "line": 34,
      "symbol": "Request.product(json:)",
      "symbol_kind": "source.lang.swift.decl.function.method.instance",
      "warning": "undocumented"
    },
    {
      "file": "/Users/loikos/Documents/Orange/workspace/vaporAPI/Sources/App/RoutingCenter.swift",
      "line": 39,
      "symbol": "Request.store()",
      "symbol_kind": "source.lang.swift.decl.function.method.instance",
      "warning": "undocumented"
    },
    {
      "file": "/Users/loikos/Documents/Orange/workspace/vaporAPI/Sources/App/RoutingCenter.swift",
      "line": 44,
      "symbol": "Request.stock(json:)",
      "symbol_kind": "source.lang.swift.decl.function.method.instance",
      "warning": "undocumented"
    },
    {
      "file": "/Users/loikos/Documents/Orange/workspace/vaporAPI/Sources/App/setup.swift",
      "line": 6,
      "symbol": "Config.setup()",
      "symbol_kind": "source.lang.swift.decl.function.method.instance",
      "warning": "undocumented"
    },
    {
      "file": "/Users/loikos/Documents/Orange/workspace/vaporAPI/Sources/App/setup.swift",
      "line": 27,
      "symbol": "Droplet.setup()",
      "symbol_kind": "source.lang.swift.decl.function.method.instance",
      "warning": "undocumented"
    }
  ],
  "source_directory": "/Users/loikos/Documents/Orange/workspace/vaporAPI"
}